,Deployment.Location.ID,X,Area,Project,Grid,Camera,StartDate,EndDate,Treatment,GPSX,GPSY,Near_river,Near_road,Near_PA,Near_CP,Dry_NDVI,Wet_NDVI,Cols,Species,Season,sum
1,Y0001,27,North,Makgadikgadi,Makgadikgadi.North.B7,B7,2/10/2022,8/1/2022,Trail,24.21979068,-20.7226564,18381.5,1119.96,17952.3528,2148.4,0.18974558,0.24847305,#AA20B2,WILDCAT,Dry,1
2,Y0001,27,North,Makgadikgadi,Makgadikgadi.North.B7,B7,2/10/2022,8/1/2022,Trail,24.21979068,-20.7226564,18381.5,1119.96,17952.3528,2148.4,0.18974558,0.24847305,#AA20B2,WILDCAT,Wet,1
3,Y0001,27,North,Makgadikgadi,Makgadikgadi.North.B7,B7,2/10/2022,8/1/2022,Trail,24.21979068,-20.7226564,18381.5,1119.96,17952.3528,2148.4,0.18974558,0.24847305,#AA20B2,BLACK-BACKED JACKAL,Dry,3
4,Y0001,27,North,Makgadikgadi,Makgadikgadi.North.B7,B7,2/10/2022,8/1/2022,Trail,24.21979068,-20.7226564,18381.5,1119.96,17952.3528,2148.4,0.18974558,0.24847305,#AA20B2,BLACK-BACKED JACKAL,Wet,1
5,Y0002,14,North,Makgadikgadi,Makgadikgadi.North.C4,C4,2/10/2022,8/1/2022,Trail,24.07064804,-20.7722709,32217.62,583.62,31323.9327,1110.96,0.1694109,0.26958585,#AA20B2,BLACK-BACKED JACKAL,Dry,3
6,Y0002,14,North,Makgadikgadi,Makgadikgadi.North.C4,C4,2/10/2022,8/1/2022,Trail,24.07064804,-20.7722709,32217.62,583.62,31323.9327,1110.96,0.1694109,0.26958585,#AA20B2,AARDWOLF,Wet,1
7,Y0004,8,North,Makgadikgadi,Makgadikgadi.North.D8,D8,2/10/2022,8/1/2022,On road,24.26781245,-20.8126242,11228.47,0.01,10399.2901,5278.8,0.16535018,0.27198502,#20B2AA,WILDCAT,Wet,1
8,Y0004,8,North,Makgadikgadi,Makgadikgadi.North.D8,D8,2/10/2022,8/1/2022,On road,24.26781245,-20.8126242,11228.47,0.01,10399.2901,5278.8,0.16535018,0.27198502,#20B2AA,WILDCAT,Dry,2
9,Y0004,8,North,Makgadikgadi,Makgadikgadi.North.D8,D8,2/10/2022,8/1/2022,On road,24.26781245,-20.8126242,11228.47,0.01,10399.2901,5278.8,0.16535018,0.27198502,#20B2AA,CARACAL,Dry,1
10,Y0005,30,North,Makgadikgadi,Makgadikgadi.North.B10,B10,2/10/2022,8/1/2022,Trail,24.359445,-20.7314845,5102.21,245.06,3655.648,1477.3,0.15388405,0.2091655,#AA20B2,WILDCAT,Dry,5
11,Y0005,30,North,Makgadikgadi,Makgadikgadi.North.B10,B10,2/10/2022,8/1/2022,Trail,24.359445,-20.7314845,5102.21,245.06,3655.648,1477.3,0.15388405,0.2091655,#AA20B2,BLACK-BACKED JACKAL,Wet,1
12,Y0005,30,North,Makgadikgadi,Makgadikgadi.North.B10,B10,2/10/2022,8/1/2022,Trail,24.359445,-20.7314845,5102.21,245.06,3655.648,1477.3,0.15388405,0.2091655,#AA20B2,WILDCAT,Wet,1
13,Y0005,30,North,Makgadikgadi,Makgadikgadi.North.B10,B10,2/10/2022,8/1/2022,Trail,24.359445,-20.7314845,5102.21,245.06,3655.648,1477.3,0.15388405,0.2091655,#AA20B2,BLACK-BACKED JACKAL,Dry,2
14,Y0005,30,North,Makgadikgadi,Makgadikgadi.North.B10,B10,2/10/2022,8/1/2022,Trail,24.359445,-20.7314845,5102.21,245.06,3655.648,1477.3,0.15388405,0.2091655,#AA20B2,AARDWOLF,Dry,2
15,Y0006,28,North,Makgadikgadi,Makgadikgadi.North.B8,B8,2/10/2022,8/1/2022,On road,24.26153641,-20.7251319,14298.7,0.18,13857.9245,2245.49,0.18424222,0.21896566,#20B2AA,BLACK-BACKED JACKAL,Dry,1
16,Y0006,28,North,Makgadikgadi,Makgadikgadi.North.B8,B8,2/10/2022,8/1/2022,On road,24.26153641,-20.7251319,14298.7,0.18,13857.9245,2245.49,0.18424222,0.21896566,#20B2AA,AARDWOLF,Dry,1
17,Y0006,28,North,Makgadikgadi,Makgadikgadi.North.B8,B8,2/10/2022,8/1/2022,On road,24.26153641,-20.7251319,14298.7,0.18,13857.9245,2245.49,0.18424222,0.21896566,#20B2AA,CARACAL,Dry,5
18,Y0007,29,North,Makgadikgadi,Makgadikgadi.North.B9,B9,2/10/2022,8/1/2022,Trail,24.30799923,-20.7296304,9913.89,128.78,8991.6262,2550.98,0.15453048,0.24316593,#AA20B2,AARDWOLF,Wet,1
19,Y0007,29,North,Makgadikgadi,Makgadikgadi.North.B9,B9,2/10/2022,8/1/2022,Trail,24.30799923,-20.7296304,9913.89,128.78,8991.6262,2550.98,0.15453048,0.24316593,#AA20B2,WILDCAT,Wet,1
20,Y0007,29,North,Makgadikgadi,Makgadikgadi.North.B9,B9,2/10/2022,8/1/2022,Trail,24.30799923,-20.7296304,9913.89,128.78,8991.6262,2550.98,0.15453048,0.24316593,#AA20B2,BLACK-BACKED JACKAL,Wet,2
21,Y0007,29,North,Makgadikgadi,Makgadikgadi.North.B9,B9,2/10/2022,8/1/2022,Trail,24.30799923,-20.7296304,9913.89,128.78,8991.6262,2550.98,0.15453048,0.24316593,#AA20B2,CARACAL,Wet,2
22,Y0007,29,North,Makgadikgadi,Makgadikgadi.North.B9,B9,2/10/2022,8/1/2022,Trail,24.30799923,-20.7296304,9913.89,128.78,8991.6262,2550.98,0.15453048,0.24316593,#AA20B2,BLACK-BACKED JACKAL,Dry,5
23,Y0007,29,North,Makgadikgadi,Makgadikgadi.North.B9,B9,2/10/2022,8/1/2022,Trail,24.30799923,-20.7296304,9913.89,128.78,8991.6262,2550.98,0.15453048,0.24316593,#AA20B2,CARACAL,Dry,5
24,Y0007,29,North,Makgadikgadi,Makgadikgadi.North.B9,B9,2/10/2022,8/1/2022,Trail,24.30799923,-20.7296304,9913.89,128.78,8991.6262,2550.98,0.15453048,0.24316593,#AA20B2,WILDCAT,Dry,1
25,Y0008,37,North,Makgadikgadi,Makgadikgadi.North.A7,A7,2/10/2022,8/1/2022,Trail,24.22524101,-20.6667891,19650.07,158.32,18128.3236,2698.51,0.17305201,0.2606198,#AA20B2,NA,NA,NA
26,Y0012,17,North,Makgadikgadi,Makgadikgadi.North.C7,C7,2/10/2022,8/1/2022,On road,24.21461997,-20.7693489,17585.91,0.02,16771.3015,2118.09,0.15475541,0.20119175,#20B2AA,BLACK-BACKED JACKAL,Wet,15
27,Y0012,17,North,Makgadikgadi,Makgadikgadi.North.C7,C7,2/10/2022,8/1/2022,On road,24.21461997,-20.7693489,17585.91,0.02,16771.3015,2118.09,0.15475541,0.20119175,#20B2AA,BLACK-BACKED JACKAL,Dry,39
28,Y0012,17,North,Makgadikgadi,Makgadikgadi.North.C7,C7,2/10/2022,8/1/2022,On road,24.21461997,-20.7693489,17585.91,0.02,16771.3015,2118.09,0.15475541,0.20119175,#20B2AA,AARDWOLF,Dry,2
29,Y0012,17,North,Makgadikgadi,Makgadikgadi.North.C7,C7,2/10/2022,8/1/2022,On road,24.21461997,-20.7693489,17585.91,0.02,16771.3015,2118.09,0.15475541,0.20119175,#20B2AA,WILDCAT,Dry,4
30,Y0012,17,North,Makgadikgadi,Makgadikgadi.North.C7,C7,2/10/2022,8/1/2022,On road,24.21461997,-20.7693489,17585.91,0.02,16771.3015,2118.09,0.15475541,0.20119175,#20B2AA,WILDCAT,Wet,5
31,Y0012,17,North,Makgadikgadi,Makgadikgadi.North.C7,C7,2/10/2022,8/1/2022,On road,24.21461997,-20.7693489,17585.91,0.02,16771.3015,2118.09,0.15475541,0.20119175,#20B2AA,CARACAL,Dry,12
32,Y0012,17,North,Makgadikgadi,Makgadikgadi.North.C7,C7,2/10/2022,8/1/2022,On road,24.21461997,-20.7693489,17585.91,0.02,16771.3015,2118.09,0.15475541,0.20119175,#20B2AA,CARACAL,Wet,5
33,Y0013,13,North,Makgadikgadi,Makgadikgadi.North.C3,C3,2/10/2022,8/1/2022,On road,24.03143699,-20.778171,36144.31,0.15,29040.9444,3365.01,0.1728374,0.24702068,#20B2AA,WILDCAT,Dry,1
34,Y0013,13,North,Makgadikgadi,Makgadikgadi.North.C3,C3,2/10/2022,8/1/2022,On road,24.03143699,-20.778171,36144.31,0.15,29040.9444,3365.01,0.1728374,0.24702068,#20B2AA,AARDWOLF,Wet,1
35,Y0013,13,North,Makgadikgadi,Makgadikgadi.North.C3,C3,2/10/2022,8/1/2022,On road,24.03143699,-20.778171,36144.31,0.15,29040.9444,3365.01,0.1728374,0.24702068,#20B2AA,AARDWOLF,Dry,2
36,Y0013,13,North,Makgadikgadi,Makgadikgadi.North.C3,C3,2/10/2022,8/1/2022,On road,24.03143699,-20.778171,36144.31,0.15,29040.9444,3365.01,0.1728374,0.24702068,#20B2AA,BLACK-BACKED JACKAL,Dry,1
37,Y0013,13,North,Makgadikgadi,Makgadikgadi.North.C3,C3,2/10/2022,8/1/2022,On road,24.03143699,-20.778171,36144.31,0.15,29040.9444,3365.01,0.1728374,0.24702068,#20B2AA,BLACK-BACKED JACKAL,Wet,4
38,Y0014,19,North,Makgadikgadi,Makgadikgadi.North.C9,C9,2/10/2022,8/1/2022,Trail,24.30584298,-20.7780669,8082.84,1197.36,7359.591,2425.13,0.16010319,0.22923017,#AA20B2,CARACAL,Wet,1
39,Y0014,19,North,Makgadikgadi,Makgadikgadi.North.C9,C9,2/10/2022,8/1/2022,Trail,24.30584298,-20.7780669,8082.84,1197.36,7359.591,2425.13,0.16010319,0.22923017,#AA20B2,WILDCAT,Dry,2
40,Y0014,19,North,Makgadikgadi,Makgadikgadi.North.C9,C9,2/10/2022,8/1/2022,Trail,24.30584298,-20.7780669,8082.84,1197.36,7359.591,2425.13,0.16010319,0.22923017,#AA20B2,AARDWOLF,Dry,1
41,Y0014,19,North,Makgadikgadi,Makgadikgadi.North.C9,C9,2/10/2022,8/1/2022,Trail,24.30584298,-20.7780669,8082.84,1197.36,7359.591,2425.13,0.16010319,0.22923017,#AA20B2,BLACK-BACKED JACKAL,Dry,2
42,Y0014,19,North,Makgadikgadi,Makgadikgadi.North.C9,C9,2/10/2022,8/1/2022,Trail,24.30584298,-20.7780669,8082.84,1197.36,7359.591,2425.13,0.16010319,0.22923017,#AA20B2,WILDCAT,Wet,4
43,Y0014,19,North,Makgadikgadi,Makgadikgadi.North.C9,C9,2/10/2022,8/1/2022,Trail,24.30584298,-20.7780669,8082.84,1197.36,7359.591,2425.13,0.16010319,0.22923017,#AA20B2,AARDWOLF,Wet,1
44,Y0014,19,North,Makgadikgadi,Makgadikgadi.North.C9,C9,2/10/2022,8/1/2022,Trail,24.30584298,-20.7780669,8082.84,1197.36,7359.591,2425.13,0.16010319,0.22923017,#AA20B2,BLACK-BACKED JACKAL,Wet,3
45,Y0014,19,North,Makgadikgadi,Makgadikgadi.North.C9,C9,2/10/2022,8/1/2022,Trail,24.30584298,-20.7780669,8082.84,1197.36,7359.591,2425.13,0.16010319,0.22923017,#AA20B2,CARACAL,Dry,2
46,Y0015,36,North,Makgadikgadi,Makgadikgadi.North.A6,A6,2/10/2022,8/1/2022,On road,24.17626387,-20.6849066,24241.86,24.85,23126.4716,3185.7,0.16593534,0.2699888,#20B2AA,AARDWOLF,Dry,1
47,Y0015,36,North,Makgadikgadi,Makgadikgadi.North.A6,A6,2/10/2022,8/1/2022,On road,24.17626387,-20.6849066,24241.86,24.85,23126.4716,3185.7,0.16593534,0.2699888,#20B2AA,AARDWOLF,Wet,4
48,Y0016,25,North,Makgadikgadi,Makgadikgadi.North.B5,B5,2/10/2022,8/1/2022,On road,24.13035912,-20.7247532,27207.45,2662.2,26565.7458,2937.72,0.12942724,0.22073866,#20B2AA,WILDCAT,Wet,1
49,Y0016,25,North,Makgadikgadi,Makgadikgadi.North.B5,B5,2/10/2022,8/1/2022,On road,24.13035912,-20.7247532,27207.45,2662.2,26565.7458,2937.72,0.12942724,0.22073866,#20B2AA,AARDWOLF,Dry,1
50,Y0016,25,North,Makgadikgadi,Makgadikgadi.North.B5,B5,2/10/2022,8/1/2022,On road,24.13035912,-20.7247532,27207.45,2662.2,26565.7458,2937.72,0.12942724,0.22073866,#20B2AA,BLACK-BACKED JACKAL,Wet,12
51,Y0016,25,North,Makgadikgadi,Makgadikgadi.North.B5,B5,2/10/2022,8/1/2022,On road,24.13035912,-20.7247532,27207.45,2662.2,26565.7458,2937.72,0.12942724,0.22073866,#20B2AA,BLACK-BACKED JACKAL,Dry,7
52,Y0017,4,North,Makgadikgadi,Makgadikgadi.North.D4,D4,2/10/2022,8/1/2022,On road,24.06670335,-20.8187059,32104.55,0.02,27707.3366,2146.67,0.14880441,0.21158607,#20B2AA,BLACK-BACKED JACKAL,Wet,3
53,Y0017,4,North,Makgadikgadi,Makgadikgadi.North.D4,D4,2/10/2022,8/1/2022,On road,24.06670335,-20.8187059,32104.55,0.02,27707.3366,2146.67,0.14880441,0.21158607,#20B2AA,AARDWOLF,Wet,2
54,Y0017,4,North,Makgadikgadi,Makgadikgadi.North.D4,D4,2/10/2022,8/1/2022,On road,24.06670335,-20.8187059,32104.55,0.02,27707.3366,2146.67,0.14880441,0.21158607,#20B2AA,BLACK-BACKED JACKAL,Dry,11
55,Y0017,4,North,Makgadikgadi,Makgadikgadi.North.D4,D4,2/10/2022,8/1/2022,On road,24.06670335,-20.8187059,32104.55,0.02,27707.3366,2146.67,0.14880441,0.21158607,#20B2AA,AARDWOLF,Dry,5
56,Y0017,4,North,Makgadikgadi,Makgadikgadi.North.D4,D4,2/10/2022,8/1/2022,On road,24.06670335,-20.8187059,32104.55,0.02,27707.3366,2146.67,0.14880441,0.21158607,#20B2AA,WILDCAT,Dry,2
57,Y0018,35,North,Makgadikgadi,Makgadikgadi.North.A5,A5,2/10/2022,8/1/2022,Trail,24.13129061,-20.6793608,28745.09,112.74,27821.7047,930.34,0.17897202,0.26534468,#AA20B2,BLACK-BACKED JACKAL,Dry,1
58,Y0018,35,North,Makgadikgadi,Makgadikgadi.North.A5,A5,2/10/2022,8/1/2022,Trail,24.13129061,-20.6793608,28745.09,112.74,27821.7047,930.34,0.17897202,0.26534468,#AA20B2,BLACK-BACKED JACKAL,Wet,1
59,Y0019,18,North,Makgadikgadi,Makgadikgadi.North.C8,C8,2/10/2022,8/1/2022,Trail,24.259754,-20.777379,12800.63,0.25,12029.0151,2856.27,0.18574788,0.21059972,#AA20B2,WILDCAT,Wet,1
60,Y0019,18,North,Makgadikgadi,Makgadikgadi.North.C8,C8,2/10/2022,8/1/2022,Trail,24.259754,-20.777379,12800.63,0.25,12029.0151,2856.27,0.18574788,0.21059972,#AA20B2,BLACK-BACKED JACKAL,Dry,8
61,Y0019,18,North,Makgadikgadi,Makgadikgadi.North.C8,C8,2/10/2022,8/1/2022,Trail,24.259754,-20.777379,12800.63,0.25,12029.0151,2856.27,0.18574788,0.21059972,#AA20B2,WILDCAT,Dry,2
62,Y0019,18,North,Makgadikgadi,Makgadikgadi.North.C8,C8,2/10/2022,8/1/2022,Trail,24.259754,-20.777379,12800.63,0.25,12029.0151,2856.27,0.18574788,0.21059972,#AA20B2,BLACK-BACKED JACKAL,Wet,1
63,Y0020,2,North,Makgadikgadi,Makgadikgadi.North.D2,D2,2/10/2022,8/1/2022,Trail,23.98178151,-20.8246028,40932.54,0.2,22006.9975,1840.4,0.11563256,0.19591677,#AA20B2,BLACK-BACKED JACKAL,Dry,4
64,Y0020,2,North,Makgadikgadi,Makgadikgadi.North.D2,D2,2/10/2022,8/1/2022,Trail,23.98178151,-20.8246028,40932.54,0.2,22006.9975,1840.4,0.11563256,0.19591677,#AA20B2,AARDWOLF,Dry,3
65,Y0020,2,North,Makgadikgadi,Makgadikgadi.North.D2,D2,2/10/2022,8/1/2022,Trail,23.98178151,-20.8246028,40932.54,0.2,22006.9975,1840.4,0.11563256,0.19591677,#AA20B2,WILDCAT,Dry,1
66,Y0020,2,North,Makgadikgadi,Makgadikgadi.North.D2,D2,2/10/2022,8/1/2022,Trail,23.98178151,-20.8246028,40932.54,0.2,22006.9975,1840.4,0.11563256,0.19591677,#AA20B2,AARDWOLF,Wet,1
67,Y0021,6,North,Makgadikgadi,Makgadikgadi.North.D6,D6,2/10/2022,8/1/2022,Trail,24.163615,-20.819794,22009.2,300.01,21127.1541,1003.62,0.19533162,0.2656865,#AA20B2,BLACK-BACKED JACKAL,Wet,8
68,Y0021,6,North,Makgadikgadi,Makgadikgadi.North.D6,D6,2/10/2022,8/1/2022,Trail,24.163615,-20.819794,22009.2,300.01,21127.1541,1003.62,0.19533162,0.2656865,#AA20B2,CARACAL,Wet,1
69,Y0021,6,North,Makgadikgadi,Makgadikgadi.North.D6,D6,2/10/2022,8/1/2022,Trail,24.163615,-20.819794,22009.2,300.01,21127.1541,1003.62,0.19533162,0.2656865,#AA20B2,BLACK-BACKED JACKAL,Dry,11
70,Y0021,6,North,Makgadikgadi,Makgadikgadi.North.D6,D6,2/10/2022,8/1/2022,Trail,24.163615,-20.819794,22009.2,300.01,21127.1541,1003.62,0.19533162,0.2656865,#AA20B2,AARDWOLF,Dry,5
71,Y0022,21,North,Makgadikgadi,Makgadikgadi.North.B1,B1,2/10/2022,8/1/2022,Trail,23.93264344,-20.7188066,42579.1,76.14,31657.5162,986.98,0.14941186,0.24778257,#AA20B2,BLACK-BACKED JACKAL,Wet,1
72,Y0023,3,North,Makgadikgadi,Makgadikgadi.North.D3,D3,2/10/2022,8/1/2022,On road,24.02231514,-20.8140136,36741.27,2.19,25197.3234,2570.21,0.1196026,0.19636644,#20B2AA,WILDCAT,Dry,3
73,Y0023,3,North,Makgadikgadi,Makgadikgadi.North.D3,D3,2/10/2022,8/1/2022,On road,24.02231514,-20.8140136,36741.27,2.19,25197.3234,2570.21,0.1196026,0.19636644,#20B2AA,WILDCAT,Wet,2
74,Y0023,3,North,Makgadikgadi,Makgadikgadi.North.D3,D3,2/10/2022,8/1/2022,On road,24.02231514,-20.8140136,36741.27,2.19,25197.3234,2570.21,0.1196026,0.19636644,#20B2AA,CARACAL,Wet,2
75,Y0023,3,North,Makgadikgadi,Makgadikgadi.North.D3,D3,2/10/2022,8/1/2022,On road,24.02231514,-20.8140136,36741.27,2.19,25197.3234,2570.21,0.1196026,0.19636644,#20B2AA,AARDWOLF,Dry,1
76,Y0023,3,North,Makgadikgadi,Makgadikgadi.North.D3,D3,2/10/2022,8/1/2022,On road,24.02231514,-20.8140136,36741.27,2.19,25197.3234,2570.21,0.1196026,0.19636644,#20B2AA,CARACAL,Dry,3
77,Y0023,3,North,Makgadikgadi,Makgadikgadi.North.D3,D3,2/10/2022,8/1/2022,On road,24.02231514,-20.8140136,36741.27,2.19,25197.3234,2570.21,0.1196026,0.19636644,#20B2AA,BLACK-BACKED JACKAL,Dry,4
78,Y0025,34,North,Makgadikgadi,Makgadikgadi.North.A4,A4,2/10/2022,8/1/2022,On road,24.0785075,-20.6881869,33532.78,5.15,32996.7404,2361.54,0.16509669,0.2675316,#20B2AA,BLACK-BACKED JACKAL,Dry,75
79,Y0025,34,North,Makgadikgadi,Makgadikgadi.North.A4,A4,2/10/2022,8/1/2022,On road,24.0785075,-20.6881869,33532.78,5.15,32996.7404,2361.54,0.16509669,0.2675316,#20B2AA,WILDCAT,Dry,18
80,Y0025,34,North,Makgadikgadi,Makgadikgadi.North.A4,A4,2/10/2022,8/1/2022,On road,24.0785075,-20.6881869,33532.78,5.15,32996.7404,2361.54,0.16509669,0.2675316,#20B2AA,BLACK-BACKED JACKAL,Wet,45
81,Y0025,34,North,Makgadikgadi,Makgadikgadi.North.A4,A4,2/10/2022,8/1/2022,On road,24.0785075,-20.6881869,33532.78,5.15,32996.7404,2361.54,0.16509669,0.2675316,#20B2AA,WILDCAT,Wet,5
82,Y0025,34,North,Makgadikgadi,Makgadikgadi.North.A4,A4,2/10/2022,8/1/2022,On road,24.0785075,-20.6881869,33532.78,5.15,32996.7404,2361.54,0.16509669,0.2675316,#20B2AA,CARACAL,Dry,6
83,Y0025,34,North,Makgadikgadi,Makgadikgadi.North.A4,A4,2/10/2022,8/1/2022,On road,24.0785075,-20.6881869,33532.78,5.15,32996.7404,2361.54,0.16509669,0.2675316,#20B2AA,AARDWOLF,Wet,2
84,Y0025,34,North,Makgadikgadi,Makgadikgadi.North.A4,A4,2/10/2022,8/1/2022,On road,24.0785075,-20.6881869,33532.78,5.15,32996.7404,2361.54,0.16509669,0.2675316,#20B2AA,CARACAL,Wet,5
85,Y0025,34,North,Makgadikgadi,Makgadikgadi.North.A4,A4,2/10/2022,8/1/2022,On road,24.0785075,-20.6881869,33532.78,5.15,32996.7404,2361.54,0.16509669,0.2675316,#20B2AA,AARDWOLF,Dry,17
86,Y0026,1,North,Makgadikgadi,Makgadikgadi.North.D1,D1,2/10/2022,8/1/2022,Trail,23.92532973,-20.8222815,46779.07,531.51,20243.6456,5876.37,0.16209327,0.30809006,#AA20B2,BLACK-BACKED JACKAL,Wet,1
87,Y0026,1,North,Makgadikgadi,Makgadikgadi.North.D1,D1,2/10/2022,8/1/2022,Trail,23.92532973,-20.8222815,46779.07,531.51,20243.6456,5876.37,0.16209327,0.30809006,#AA20B2,CARACAL,Dry,2
88,Y0027,23,North,Makgadikgadi,Makgadikgadi.North.B3,B3,2/10/2022,8/1/2022,On road,24.02851364,-20.7175621,37743.63,2.88,34796.5438,3476.52,0.18336608,0.2777225,#20B2AA,CARACAL,Dry,1
89,Y0027,23,North,Makgadikgadi,Makgadikgadi.North.B3,B3,2/10/2022,8/1/2022,On road,24.02851364,-20.7175621,37743.63,2.88,34796.5438,3476.52,0.18336608,0.2777225,#20B2AA,CARACAL,Wet,3
90,Y0027,23,North,Makgadikgadi,Makgadikgadi.North.B3,B3,2/10/2022,8/1/2022,On road,24.02851364,-20.7175621,37743.63,2.88,34796.5438,3476.52,0.18336608,0.2777225,#20B2AA,AARDWOLF,Dry,3
91,Y0027,23,North,Makgadikgadi,Makgadikgadi.North.B3,B3,2/10/2022,8/1/2022,On road,24.02851364,-20.7175621,37743.63,2.88,34796.5438,3476.52,0.18336608,0.2777225,#20B2AA,BLACK-BACKED JACKAL,Wet,7
92,Y0027,23,North,Makgadikgadi,Makgadikgadi.North.B3,B3,2/10/2022,8/1/2022,On road,24.02851364,-20.7175621,37743.63,2.88,34796.5438,3476.52,0.18336608,0.2777225,#20B2AA,BLACK-BACKED JACKAL,Dry,14
93,Y0028,5,North,Makgadikgadi,Makgadikgadi.North.D5,D5,2/10/2022,8/1/2022,On road,24.13050396,-20.8177539,25463.23,1250.73,24583.6189,1744.7,0.18509275,0.2778311,#20B2AA,WILDCAT,Wet,3
94,Y0028,5,North,Makgadikgadi,Makgadikgadi.North.D5,D5,2/10/2022,8/1/2022,On road,24.13050396,-20.8177539,25463.23,1250.73,24583.6189,1744.7,0.18509275,0.2778311,#20B2AA,AARDWOLF,Dry,3
95,Y0028,5,North,Makgadikgadi,Makgadikgadi.North.D5,D5,2/10/2022,8/1/2022,On road,24.13050396,-20.8177539,25463.23,1250.73,24583.6189,1744.7,0.18509275,0.2778311,#20B2AA,BLACK-BACKED JACKAL,Wet,12
96,Y0028,5,North,Makgadikgadi,Makgadikgadi.North.D5,D5,2/10/2022,8/1/2022,On road,24.13050396,-20.8177539,25463.23,1250.73,24583.6189,1744.7,0.18509275,0.2778311,#20B2AA,CARACAL,Dry,2
97,Y0028,5,North,Makgadikgadi,Makgadikgadi.North.D5,D5,2/10/2022,8/1/2022,On road,24.13050396,-20.8177539,25463.23,1250.73,24583.6189,1744.7,0.18509275,0.2778311,#20B2AA,WILDCAT,Dry,8
98,Y0028,5,North,Makgadikgadi,Makgadikgadi.North.D5,D5,2/10/2022,8/1/2022,On road,24.13050396,-20.8177539,25463.23,1250.73,24583.6189,1744.7,0.18509275,0.2778311,#20B2AA,BLACK-BACKED JACKAL,Dry,29
99,Y0028,5,North,Makgadikgadi,Makgadikgadi.North.D5,D5,2/10/2022,8/1/2022,On road,24.13050396,-20.8177539,25463.23,1250.73,24583.6189,1744.7,0.18509275,0.2778311,#20B2AA,AARDWOLF,Wet,5
100,Y0029,7,North,Makgadikgadi,Makgadikgadi.North.D7,D7,2/10/2022,8/1/2022,Trail,24.21991691,-20.8273998,16140.88,0.2,15225.0997,581.91,0.18010631,0.26530278,#AA20B2,WILDCAT,Wet,1
101,Y0029,7,North,Makgadikgadi,Makgadikgadi.North.D7,D7,2/10/2022,8/1/2022,Trail,24.21991691,-20.8273998,16140.88,0.2,15225.0997,581.91,0.18010631,0.26530278,#AA20B2,BLACK-BACKED JACKAL,Wet,3
102,Y0029,7,North,Makgadikgadi,Makgadikgadi.North.D7,D7,2/10/2022,8/1/2022,Trail,24.21991691,-20.8273998,16140.88,0.2,15225.0997,581.91,0.18010631,0.26530278,#AA20B2,WILDCAT,Dry,2
103,Y0029,7,North,Makgadikgadi,Makgadikgadi.North.D7,D7,2/10/2022,8/1/2022,Trail,24.21991691,-20.8273998,16140.88,0.2,15225.0997,581.91,0.18010631,0.26530278,#AA20B2,BLACK-BACKED JACKAL,Dry,11
104,Y0030,15,North,Makgadikgadi,Makgadikgadi.North.C5,C5,2/10/2022,8/1/2022,Trail,24.11943901,-20.773614,27200.87,212.91,26288.3658,3286.39,0.16713461,0.25088778,#AA20B2,WILDCAT,Wet,5
105,Y0030,15,North,Makgadikgadi,Makgadikgadi.North.C5,C5,2/10/2022,8/1/2022,Trail,24.11943901,-20.773614,27200.87,212.91,26288.3658,3286.39,0.16713461,0.25088778,#AA20B2,BLACK-BACKED JACKAL,Dry,2
106,Y0030,15,North,Makgadikgadi,Makgadikgadi.North.C5,C5,2/10/2022,8/1/2022,Trail,24.11943901,-20.773614,27200.87,212.91,26288.3658,3286.39,0.16713461,0.25088778,#AA20B2,BLACK-BACKED JACKAL,Wet,2
107,Y0030,15,North,Makgadikgadi,Makgadikgadi.North.C5,C5,2/10/2022,8/1/2022,Trail,24.11943901,-20.773614,27200.87,212.91,26288.3658,3286.39,0.16713461,0.25088778,#AA20B2,AARDWOLF,Wet,1
108,Y0030,15,North,Makgadikgadi,Makgadikgadi.North.C5,C5,2/10/2022,8/1/2022,Trail,24.11943901,-20.773614,27200.87,212.91,26288.3658,3286.39,0.16713461,0.25088778,#AA20B2,WILDCAT,Dry,3
109,Y0031,32,North,Makgadikgadi,Makgadikgadi.North.A2,A2,2/10/2022,8/1/2022,Trail,23.98052766,-20.6858663,38968.46,0.01,36313.4151,2342.68,0.15051144,0.24569178,#AA20B2,BLACK-BACKED JACKAL,Wet,20
110,Y0031,32,North,Makgadikgadi,Makgadikgadi.North.A2,A2,2/10/2022,8/1/2022,Trail,23.98052766,-20.6858663,38968.46,0.01,36313.4151,2342.68,0.15051144,0.24569178,#AA20B2,WILDCAT,Dry,3
111,Y0031,32,North,Makgadikgadi,Makgadikgadi.North.A2,A2,2/10/2022,8/1/2022,Trail,23.98052766,-20.6858663,38968.46,0.01,36313.4151,2342.68,0.15051144,0.24569178,#AA20B2,WILDCAT,Wet,2
112,Y0031,32,North,Makgadikgadi,Makgadikgadi.North.A2,A2,2/10/2022,8/1/2022,Trail,23.98052766,-20.6858663,38968.46,0.01,36313.4151,2342.68,0.15051144,0.24569178,#AA20B2,AARDWOLF,Wet,4
113,Y0031,32,North,Makgadikgadi,Makgadikgadi.North.A2,A2,2/10/2022,8/1/2022,Trail,23.98052766,-20.6858663,38968.46,0.01,36313.4151,2342.68,0.15051144,0.24569178,#AA20B2,BLACK-BACKED JACKAL,Dry,26
114,Y0031,32,North,Makgadikgadi,Makgadikgadi.North.A2,A2,2/10/2022,8/1/2022,Trail,23.98052766,-20.6858663,38968.46,0.01,36313.4151,2342.68,0.15051144,0.24569178,#AA20B2,AARDWOLF,Dry,9
115,Y0031,32,North,Makgadikgadi,Makgadikgadi.North.A2,A2,2/10/2022,8/1/2022,Trail,23.98052766,-20.6858663,38968.46,0.01,36313.4151,2342.68,0.15051144,0.24569178,#AA20B2,CARACAL,Dry,2
116,Y0032,20,North,Makgadikgadi,Makgadikgadi.North.C10,C10,2/10/2022,8/1/2022,Trail,24.36797904,-20.7801357,1697.56,4.7,1519.2669,353.4,0.13009767,0.19007194,#AA20B2,WILDCAT,Wet,2
117,Y0032,20,North,Makgadikgadi,Makgadikgadi.North.C10,C10,2/10/2022,8/1/2022,Trail,24.36797904,-20.7801357,1697.56,4.7,1519.2669,353.4,0.13009767,0.19007194,#AA20B2,WILDCAT,Dry,4
118,Y0032,20,North,Makgadikgadi,Makgadikgadi.North.C10,C10,2/10/2022,8/1/2022,Trail,24.36797904,-20.7801357,1697.56,4.7,1519.2669,353.4,0.13009767,0.19007194,#AA20B2,BLACK-BACKED JACKAL,Wet,4
119,Y0032,20,North,Makgadikgadi,Makgadikgadi.North.C10,C10,2/10/2022,8/1/2022,Trail,24.36797904,-20.7801357,1697.56,4.7,1519.2669,353.4,0.13009767,0.19007194,#AA20B2,BLACK-BACKED JACKAL,Dry,2
120,Y0033,11,North,Makgadikgadi,Makgadikgadi.North.C1,C1,2/10/2022,8/1/2022,Trail,23.93800803,-20.7656079,45979.79,812.78,26661.034,1782.46,0.14536849,0.23686406,#AA20B2,BLACK-BACKED JACKAL,Dry,1
121,Y0034,26,North,Makgadikgadi,Makgadikgadi.North.B6,B6,2/10/2022,8/1/2022,On road,24.18096621,-20.7273326,22041.11,1797.22,21472.7868,3314.83,0.16359419,0.25223613,#20B2AA,BLACK-BACKED JACKAL,Wet,4
122,Y0034,26,North,Makgadikgadi,Makgadikgadi.North.B6,B6,2/10/2022,8/1/2022,On road,24.18096621,-20.7273326,22041.11,1797.22,21472.7868,3314.83,0.16359419,0.25223613,#20B2AA,AARDWOLF,Dry,1
123,Y0034,26,North,Makgadikgadi,Makgadikgadi.North.B6,B6,2/10/2022,8/1/2022,On road,24.18096621,-20.7273326,22041.11,1797.22,21472.7868,3314.83,0.16359419,0.25223613,#20B2AA,WILDCAT,Dry,2
124,Y0034,26,North,Makgadikgadi,Makgadikgadi.North.B6,B6,2/10/2022,8/1/2022,On road,24.18096621,-20.7273326,22041.11,1797.22,21472.7868,3314.83,0.16359419,0.25223613,#20B2AA,BLACK-BACKED JACKAL,Dry,9
125,Y0034,26,North,Makgadikgadi,Makgadikgadi.North.B6,B6,2/10/2022,8/1/2022,On road,24.18096621,-20.7273326,22041.11,1797.22,21472.7868,3314.83,0.16359419,0.25223613,#20B2AA,CARACAL,Dry,1
126,Y0034,26,North,Makgadikgadi,Makgadikgadi.North.B6,B6,2/10/2022,8/1/2022,On road,24.18096621,-20.7273326,22041.11,1797.22,21472.7868,3314.83,0.16359419,0.25223613,#20B2AA,WILDCAT,Wet,1
127,Y0035,39,North,Makgadikgadi,Makgadikgadi.North.A9,A9,2/10/2022,8/1/2022,On road,24.31271204,-20.6945359,10301.08,0.77,8914.325,3467.58,0.12804578,0.20995106,#20B2AA,AARDWOLF,Wet,13
128,Y0035,39,North,Makgadikgadi,Makgadikgadi.North.A9,A9,2/10/2022,8/1/2022,On road,24.31271204,-20.6945359,10301.08,0.77,8914.325,3467.58,0.12804578,0.20995106,#20B2AA,AARDWOLF,Dry,28
129,Y0035,39,North,Makgadikgadi,Makgadikgadi.North.A9,A9,2/10/2022,8/1/2022,On road,24.31271204,-20.6945359,10301.08,0.77,8914.325,3467.58,0.12804578,0.20995106,#20B2AA,BLACK-BACKED JACKAL,Dry,8
130,Y0035,39,North,Makgadikgadi,Makgadikgadi.North.A9,A9,2/10/2022,8/1/2022,On road,24.31271204,-20.6945359,10301.08,0.77,8914.325,3467.58,0.12804578,0.20995106,#20B2AA,CARACAL,Dry,5
131,Y0035,39,North,Makgadikgadi,Makgadikgadi.North.A9,A9,2/10/2022,8/1/2022,On road,24.31271204,-20.6945359,10301.08,0.77,8914.325,3467.58,0.12804578,0.20995106,#20B2AA,BLACK-BACKED JACKAL,Wet,23
132,Y0035,39,North,Makgadikgadi,Makgadikgadi.North.A9,A9,2/10/2022,8/1/2022,On road,24.31271204,-20.6945359,10301.08,0.77,8914.325,3467.58,0.12804578,0.20995106,#20B2AA,WILDCAT,Dry,14
133,Y0035,39,North,Makgadikgadi,Makgadikgadi.North.A9,A9,2/10/2022,8/1/2022,On road,24.31271204,-20.6945359,10301.08,0.77,8914.325,3467.58,0.12804578,0.20995106,#20B2AA,CARACAL,Wet,7
134,Y0035,39,North,Makgadikgadi,Makgadikgadi.North.A9,A9,2/10/2022,8/1/2022,On road,24.31271204,-20.6945359,10301.08,0.77,8914.325,3467.58,0.12804578,0.20995106,#20B2AA,WILDCAT,Wet,14
135,Y0036,16,North,Makgadikgadi,Makgadikgadi.North.C6,C6,2/10/2022,8/1/2022,Trail,24.17167604,-20.779595,21736.89,1121.04,20817.9542,2668.1,0.16553295,0.23717311,#AA20B2,WILDCAT,Dry,2
136,Y0036,16,North,Makgadikgadi,Makgadikgadi.North.C6,C6,2/10/2022,8/1/2022,Trail,24.17167604,-20.779595,21736.89,1121.04,20817.9542,2668.1,0.16553295,0.23717311,#AA20B2,BLACK-BACKED JACKAL,Wet,1
137,Y0036,16,North,Makgadikgadi,Makgadikgadi.North.C6,C6,2/10/2022,8/1/2022,Trail,24.17167604,-20.779595,21736.89,1121.04,20817.9542,2668.1,0.16553295,0.23717311,#AA20B2,BLACK-BACKED JACKAL,Dry,1
138,Y0037,10,North,Makgadikgadi,Makgadikgadi.North.D10,D10,2/10/2022,8/1/2022,Trail,24.36738853,-20.822435,810.87,0.15,159.7366,888.42,0.1859655,0.25493616,#AA20B2,BLACK-BACKED JACKAL,Wet,5
139,Y0037,10,North,Makgadikgadi,Makgadikgadi.North.D10,D10,2/10/2022,8/1/2022,Trail,24.36738853,-20.822435,810.87,0.15,159.7366,888.42,0.1859655,0.25493616,#AA20B2,BLACK-BACKED JACKAL,Dry,40
140,Y0037,10,North,Makgadikgadi,Makgadikgadi.North.D10,D10,2/10/2022,8/1/2022,Trail,24.36738853,-20.822435,810.87,0.15,159.7366,888.42,0.1859655,0.25493616,#AA20B2,WILDCAT,Dry,5
141,Y0039,9,North,Makgadikgadi,Makgadikgadi.North.D9,D9,2/10/2022,8/1/2022,On road,24.31752317,-20.8201357,5992.46,4.83,5219.4706,1719.81,0.17003484,0.25232866,#20B2AA,WILDCAT,Dry,1
142,Y0039,9,North,Makgadikgadi,Makgadikgadi.North.D9,D9,2/10/2022,8/1/2022,On road,24.31752317,-20.8201357,5992.46,4.83,5219.4706,1719.81,0.17003484,0.25232866,#20B2AA,AARDWOLF,Dry,7
143,Y0039,9,North,Makgadikgadi,Makgadikgadi.North.D9,D9,2/10/2022,8/1/2022,On road,24.31752317,-20.8201357,5992.46,4.83,5219.4706,1719.81,0.17003484,0.25232866,#20B2AA,CARACAL,Dry,5
144,Y0039,9,North,Makgadikgadi,Makgadikgadi.North.D9,D9,2/10/2022,8/1/2022,On road,24.31752317,-20.8201357,5992.46,4.83,5219.4706,1719.81,0.17003484,0.25232866,#20B2AA,WILDCAT,Wet,2
145,Y0039,9,North,Makgadikgadi,Makgadikgadi.North.D9,D9,2/10/2022,8/1/2022,On road,24.31752317,-20.8201357,5992.46,4.83,5219.4706,1719.81,0.17003484,0.25232866,#20B2AA,BLACK-BACKED JACKAL,Dry,15
146,Y0039,9,North,Makgadikgadi,Makgadikgadi.North.D9,D9,2/10/2022,8/1/2022,On road,24.31752317,-20.8201357,5992.46,4.83,5219.4706,1719.81,0.17003484,0.25232866,#20B2AA,BLACK-BACKED JACKAL,Wet,7
147,Y0039,9,North,Makgadikgadi,Makgadikgadi.North.D9,D9,2/10/2022,8/1/2022,On road,24.31752317,-20.8201357,5992.46,4.83,5219.4706,1719.81,0.17003484,0.25232866,#20B2AA,CARACAL,Wet,5
148,Y0040,38,North,Makgadikgadi,Makgadikgadi.North.A8,A8,2/10/2022,8/1/2022,Trail,24.27050999,-20.6751549,14845.4,137.71,13341.9403,4578.96,0.17752723,0.22892423,#AA20B2,AARDWOLF,Wet,1
149,Y0040,38,North,Makgadikgadi,Makgadikgadi.North.A8,A8,2/10/2022,8/1/2022,Trail,24.27050999,-20.6751549,14845.4,137.71,13341.9403,4578.96,0.17752723,0.22892423,#AA20B2,BLACK-BACKED JACKAL,Wet,2
150,Y0046,12,North,Makgadikgadi,Makgadikgadi.North.C2,C2,2/10/2022,8/1/2022,On road,23.97477248,-20.771756,42090.4,591.27,27076.3983,596.94,0.13810143,0.23273616,#20B2AA,BLACK-BACKED JACKAL,Dry,9
151,Y0046,12,North,Makgadikgadi,Makgadikgadi.North.C2,C2,2/10/2022,8/1/2022,On road,23.97477248,-20.771756,42090.4,591.27,27076.3983,596.94,0.13810143,0.23273616,#20B2AA,CARACAL,Wet,1
152,Y0046,12,North,Makgadikgadi,Makgadikgadi.North.C2,C2,2/10/2022,8/1/2022,On road,23.97477248,-20.771756,42090.4,591.27,27076.3983,596.94,0.13810143,0.23273616,#20B2AA,BLACK-BACKED JACKAL,Wet,16
153,Y0049,22,North,Makgadikgadi,Makgadikgadi.North.B2,B2,2/10/2022,8/1/2022,On road,23.97551117,-20.7256618,42969.47,2180.59,31938.2507,4674.22,0.17149071,0.2925932,#20B2AA,NA,NA,NA
154,Y0050,40,North,Makgadikgadi,Makgadikgadi.North.A10,A10,2/10/2022,8/1/2022,On road,24.37089703,-20.69187,4241.16,2.72,2905.7891,1806.09,0.14324233,0.23359059,#20B2AA,BLACK-BACKED JACKAL,Dry,2
155,Y0050,40,North,Makgadikgadi,Makgadikgadi.North.A10,A10,2/10/2022,8/1/2022,On road,24.37089703,-20.69187,4241.16,2.72,2905.7891,1806.09,0.14324233,0.23359059,#20B2AA,WILDCAT,Dry,5
156,Y0051,31,North,Makgadikgadi,Makgadikgadi.North.A1,A1,2/10/2022,8/1/2022,Trail,23.93786411,-20.6745754,37658.49,2169.07,36583.8223,2622.78,0.14659436,0.24615984,#AA20B2,BLACK-BACKED JACKAL,Wet,3
157,Y0054,33,North,Makgadikgadi,Makgadikgadi.North.A3,A3,2/10/2022,8/1/2022,On road,24.02867231,-20.6902408,38434.68,2.47,37557.6649,2773.28,0.1672342,0.28886527,#20B2AA,WILDCAT,Dry,5
158,Y0054,33,North,Makgadikgadi,Makgadikgadi.North.A3,A3,2/10/2022,8/1/2022,On road,24.02867231,-20.6902408,38434.68,2.47,37557.6649,2773.28,0.1672342,0.28886527,#20B2AA,BLACK-BACKED JACKAL,Wet,32
159,Y0054,33,North,Makgadikgadi,Makgadikgadi.North.A3,A3,2/10/2022,8/1/2022,On road,24.02867231,-20.6902408,38434.68,2.47,37557.6649,2773.28,0.1672342,0.28886527,#20B2AA,CARACAL,Wet,1
160,Y0054,33,North,Makgadikgadi,Makgadikgadi.North.A3,A3,2/10/2022,8/1/2022,On road,24.02867231,-20.6902408,38434.68,2.47,37557.6649,2773.28,0.1672342,0.28886527,#20B2AA,WILDCAT,Wet,3
161,Y0054,33,North,Makgadikgadi,Makgadikgadi.North.A3,A3,2/10/2022,8/1/2022,On road,24.02867231,-20.6902408,38434.68,2.47,37557.6649,2773.28,0.1672342,0.28886527,#20B2AA,BLACK-BACKED JACKAL,Dry,34
162,Y0054,33,North,Makgadikgadi,Makgadikgadi.North.A3,A3,2/10/2022,8/1/2022,On road,24.02867231,-20.6902408,38434.68,2.47,37557.6649,2773.28,0.1672342,0.28886527,#20B2AA,AARDWOLF,Dry,1
163,Y0100,6,South,Makgadikgadi,Makgadikgadi.South.A6,A6,1/29/2022,8/1/2022,On road,24.22832308,-21.04791371,40634.38,0.27,12.6868,3931.25,0.13183793,0.23918113,#20B2AA,WILDCAT,Dry,2
164,Y0100,6,South,Makgadikgadi,Makgadikgadi.South.A6,A6,1/29/2022,8/1/2022,On road,24.22832308,-21.04791371,40634.38,0.27,12.6868,3931.25,0.13183793,0.23918113,#20B2AA,WILDCAT,Wet,5
165,Y0100,6,South,Makgadikgadi,Makgadikgadi.South.A6,A6,1/29/2022,8/1/2022,On road,24.22832308,-21.04791371,40634.38,0.27,12.6868,3931.25,0.13183793,0.23918113,#20B2AA,BLACK-BACKED JACKAL,Dry,20
166,Y0100,6,South,Makgadikgadi,Makgadikgadi.South.A6,A6,1/29/2022,8/1/2022,On road,24.22832308,-21.04791371,40634.38,0.27,12.6868,3931.25,0.13183793,0.23918113,#20B2AA,BLACK-BACKED JACKAL,Wet,4
167,Y0101,2,South,Makgadikgadi,Makgadikgadi.South.A2,A2,2/2/2022,8/1/2022,Unknown,24.08363179,-21.17024083,35329.6,0.32,5491.9792,998.49,0.12582545,0.2841998,#B2AA20,CARACAL,Wet,1
168,Y0101,2,South,Makgadikgadi,Makgadikgadi.South.A2,A2,2/2/2022,8/1/2022,Unknown,24.08363179,-21.17024083,35329.6,0.32,5491.9792,998.49,0.12582545,0.2841998,#B2AA20,WILDCAT,Dry,1
169,Y0101,2,South,Makgadikgadi,Makgadikgadi.South.A2,A2,2/2/2022,8/1/2022,Unknown,24.08363179,-21.17024083,35329.6,0.32,5491.9792,998.49,0.12582545,0.2841998,#B2AA20,CARACAL,Dry,2
170,Y0101,2,South,Makgadikgadi,Makgadikgadi.South.A2,A2,2/2/2022,8/1/2022,Unknown,24.08363179,-21.17024083,35329.6,0.32,5491.9792,998.49,0.12582545,0.2841998,#B2AA20,BLACK-BACKED JACKAL,Dry,1
171,Y0102,24,North,Makgadikgadi,Makgadikgadi.North.B4,B4,2/10/2022,8/1/2022,On road,24.06969208,-20.724082,33393.95,2.87,32683.998,2650.02,0.17213859,0.27734613,#20B2AA,BLACK-BACKED JACKAL,Dry,36
172,Y0102,24,North,Makgadikgadi,Makgadikgadi.North.B4,B4,2/10/2022,8/1/2022,On road,24.06969208,-20.724082,33393.95,2.87,32683.998,2650.02,0.17213859,0.27734613,#20B2AA,BLACK-BACKED JACKAL,Wet,30
173,Y0102,24,North,Makgadikgadi,Makgadikgadi.North.B4,B4,2/10/2022,8/1/2022,On road,24.06969208,-20.724082,33393.95,2.87,32683.998,2650.02,0.17213859,0.27734613,#20B2AA,CARACAL,Dry,1
174,Y0102,24,North,Makgadikgadi,Makgadikgadi.North.B4,B4,2/10/2022,8/1/2022,On road,24.06969208,-20.724082,33393.95,2.87,32683.998,2650.02,0.17213859,0.27734613,#20B2AA,CARACAL,Wet,4
175,Y0102,24,North,Makgadikgadi,Makgadikgadi.North.B4,B4,2/10/2022,8/1/2022,On road,24.06969208,-20.724082,33393.95,2.87,32683.998,2650.02,0.17213859,0.27734613,#20B2AA,AARDWOLF,Dry,7
176,Y0102,24,North,Makgadikgadi,Makgadikgadi.North.B4,B4,2/10/2022,8/1/2022,On road,24.06969208,-20.724082,33393.95,2.87,32683.998,2650.02,0.17213859,0.27734613,#20B2AA,WILDCAT,Wet,4
177,Y0102,24,North,Makgadikgadi,Makgadikgadi.North.B4,B4,2/10/2022,8/1/2022,On road,24.06969208,-20.724082,33393.95,2.87,32683.998,2650.02,0.17213859,0.27734613,#20B2AA,WILDCAT,Dry,13
178,Y0900,17,South,Makgadikgadi,Makgadikgadi.South.C1,C1,2/1/2022,8/1/2022,Trail,24.1114229,-21.27561955,30564.71,681.85,10220.0869,2287.52,0.14042553,0.23635231,#AA20B2,WILDCAT,Wet,1
179,Y0900,17,South,Makgadikgadi,Makgadikgadi.South.C1,C1,2/1/2022,8/1/2022,Trail,24.1114229,-21.27561955,30564.71,681.85,10220.0869,2287.52,0.14042553,0.23635231,#AA20B2,WILDCAT,Dry,2
180,Y0900,17,South,Makgadikgadi,Makgadikgadi.South.C1,C1,2/1/2022,8/1/2022,Trail,24.1114229,-21.27561955,30564.71,681.85,10220.0869,2287.52,0.14042553,0.23635231,#AA20B2,BLACK-BACKED JACKAL,Dry,10
181,Y0900,17,South,Makgadikgadi,Makgadikgadi.South.C1,C1,2/1/2022,8/1/2022,Trail,24.1114229,-21.27561955,30564.71,681.85,10220.0869,2287.52,0.14042553,0.23635231,#AA20B2,CARACAL,Wet,3
182,Y0900,17,South,Makgadikgadi,Makgadikgadi.South.C1,C1,2/1/2022,8/1/2022,Trail,24.1114229,-21.27561955,30564.71,681.85,10220.0869,2287.52,0.14042553,0.23635231,#AA20B2,CARACAL,Dry,7
183,Y2400,14,South,Makgadikgadi,Makgadikgadi.South.B6,B6,1/29/2022,8/1/2022,On road,24.2577507,-21.08197512,25781.94,162.66,15494.124,1651.32,0.1419672,0.17099126,#20B2AA,CARACAL,Dry,1
184,Y2400,14,South,Makgadikgadi,Makgadikgadi.South.B6,B6,1/29/2022,8/1/2022,On road,24.2577507,-21.08197512,25781.94,162.66,15494.124,1651.32,0.1419672,0.17099126,#20B2AA,BLACK-BACKED JACKAL,Dry,1
185,Y3800,5,South,Makgadikgadi,Makgadikgadi.South.A5,A5,1/29/2022,8/1/2022,Unknown,24.1924015,-21.07424354,20600.41,613.61,20913.4055,3663.97,0.1281398,0.18955603,#B2AA20,BLACK-BACKED JACKAL,Wet,2
186,Y3800,5,South,Makgadikgadi,Makgadikgadi.South.A5,A5,1/29/2022,8/1/2022,Unknown,24.1924015,-21.07424354,20600.41,613.61,20913.4055,3663.97,0.1281398,0.18955603,#B2AA20,WILDCAT,Dry,1
187,Y3800,5,South,Makgadikgadi,Makgadikgadi.South.A5,A5,1/29/2022,8/1/2022,Unknown,24.1924015,-21.07424354,20600.41,613.61,20913.4055,3663.97,0.1281398,0.18955603,#B2AA20,WILDCAT,Wet,2
188,Y3800,5,South,Makgadikgadi,Makgadikgadi.South.A5,A5,1/29/2022,8/1/2022,Unknown,24.1924015,-21.07424354,20600.41,613.61,20913.4055,3663.97,0.1281398,0.18955603,#B2AA20,BLACK-BACKED JACKAL,Dry,5
189,Y5300,27,South,Makgadikgadi,Makgadikgadi.South.D3,D3,1/31/2022,8/1/2022,Unknown,24.21311621,-21.23830836,16189.11,0.15,25650.8369,4949.97,0.1026064,0.209204,#B2AA20,CARACAL,Dry,2
190,Y5300,27,South,Makgadikgadi,Makgadikgadi.South.D3,D3,1/31/2022,8/1/2022,Unknown,24.21311621,-21.23830836,16189.11,0.15,25650.8369,4949.97,0.1026064,0.209204,#B2AA20,WILDCAT,Dry,2
191,Y5300,27,South,Makgadikgadi,Makgadikgadi.South.D3,D3,1/31/2022,8/1/2022,Unknown,24.21311621,-21.23830836,16189.11,0.15,25650.8369,4949.97,0.1026064,0.209204,#B2AA20,BLACK-BACKED JACKAL,Wet,1
192,Y5500,15,South,Makgadikgadi,Makgadikgadi.South.B7,B7,1/29/2022,8/1/2022,On road,24.29030546,-21.04833633,12303.6,0.01,23169.328,415.22,0.14024976,0.21891686,#20B2AA,WILDCAT,Wet,1
193,Y5500,15,South,Makgadikgadi,Makgadikgadi.South.B7,B7,1/29/2022,8/1/2022,On road,24.29030546,-21.04833633,12303.6,0.01,23169.328,415.22,0.14024976,0.21891686,#20B2AA,AARDWOLF,Dry,3
194,Y5500,15,South,Makgadikgadi,Makgadikgadi.South.B7,B7,1/29/2022,8/1/2022,On road,24.29030546,-21.04833633,12303.6,0.01,23169.328,415.22,0.14024976,0.21891686,#20B2AA,BLACK-BACKED JACKAL,Dry,3
195,Y5500,15,South,Makgadikgadi,Makgadikgadi.South.B7,B7,1/29/2022,8/1/2022,On road,24.29030546,-21.04833633,12303.6,0.01,23169.328,415.22,0.14024976,0.21891686,#20B2AA,WILDCAT,Dry,1
196,Y5500,15,South,Makgadikgadi,Makgadikgadi.South.B7,B7,1/29/2022,8/1/2022,On road,24.29030546,-21.04833633,12303.6,0.01,23169.328,415.22,0.14024976,0.21891686,#20B2AA,BLACK-BACKED JACKAL,Wet,1
197,Y5600,33,South,Makgadikgadi,Makgadikgadi.South.E1,E1,2/1/2022,8/1/2022,Trail,24.18626219,-21.33389434,8178.8,360.35,17735.8519,2755.53,0.15972927,0.23291297,#AA20B2,WILDCAT,Dry,4
198,Y5600,33,South,Makgadikgadi,Makgadikgadi.South.E1,E1,2/1/2022,8/1/2022,Trail,24.18626219,-21.33389434,8178.8,360.35,17735.8519,2755.53,0.15972927,0.23291297,#AA20B2,WILDCAT,Wet,3
199,Y5600,33,South,Makgadikgadi,Makgadikgadi.South.E1,E1,2/1/2022,8/1/2022,Trail,24.18626219,-21.33389434,8178.8,360.35,17735.8519,2755.53,0.15972927,0.23291297,#AA20B2,CARACAL,Wet,2
200,Y5600,33,South,Makgadikgadi,Makgadikgadi.South.E1,E1,2/1/2022,8/1/2022,Trail,24.18626219,-21.33389434,8178.8,360.35,17735.8519,2755.53,0.15972927,0.23291297,#AA20B2,CARACAL,Dry,3
201,Y5600,33,South,Makgadikgadi,Makgadikgadi.South.E1,E1,2/1/2022,8/1/2022,Trail,24.18626219,-21.33389434,8178.8,360.35,17735.8519,2755.53,0.15972927,0.23291297,#AA20B2,BLACK-BACKED JACKAL,Wet,1
202,Y5600,33,South,Makgadikgadi,Makgadikgadi.South.E1,E1,2/1/2022,8/1/2022,Trail,24.18626219,-21.33389434,8178.8,360.35,17735.8519,2755.53,0.15972927,0.23291297,#AA20B2,BLACK-BACKED JACKAL,Dry,6
203,Y5700,22,South,Makgadikgadi,Makgadikgadi.South.C6,C6,2/3/2022,8/1/2022,Unknown,24.29381324,-21.12385764,40248.1,142.23,155.8924,4512.97,0.13977334,0.2716168,#B2AA20,BLACK-BACKED JACKAL,Dry,24
204,Y5700,22,South,Makgadikgadi,Makgadikgadi.South.C6,C6,2/3/2022,8/1/2022,Unknown,24.29381324,-21.12385764,40248.1,142.23,155.8924,4512.97,0.13977334,0.2716168,#B2AA20,WILDCAT,Dry,2
205,Y5700,22,South,Makgadikgadi,Makgadikgadi.South.C6,C6,2/3/2022,8/1/2022,Unknown,24.29381324,-21.12385764,40248.1,142.23,155.8924,4512.97,0.13977334,0.2716168,#B2AA20,WILDCAT,Wet,1
206,Y5700,22,South,Makgadikgadi,Makgadikgadi.South.C6,C6,2/3/2022,8/1/2022,Unknown,24.29381324,-21.12385764,40248.1,142.23,155.8924,4512.97,0.13977334,0.2716168,#B2AA20,BLACK-BACKED JACKAL,Wet,2
207,Y5800,19,South,Makgadikgadi,Makgadikgadi.South.C3,C3,1/31/2022,8/1/2022,Unknown,24.18528905,-21.20431856,35203.52,690.33,5197.162,1252.21,0.11662134,0.18224037,#B2AA20,CARACAL,Dry,1
208,Y5800,19,South,Makgadikgadi,Makgadikgadi.South.C3,C3,1/31/2022,8/1/2022,Unknown,24.18528905,-21.20431856,35203.52,690.33,5197.162,1252.21,0.11662134,0.18224037,#B2AA20,BLACK-BACKED JACKAL,Dry,2
209,Y5900,24,South,Makgadikgadi,Makgadikgadi.South.C8,C8,1/30/2022,8/1/2022,Unknown,24.35604108,-21.05095254,29390.88,148.57,11047.661,2920.92,0.15531915,0.19837205,#B2AA20,BLACK-BACKED JACKAL,Wet,6
210,Y6000,10,South,Makgadikgadi,Makgadikgadi.South.B2,B2,1/30/2022,8/1/2022,Trail,24.11361563,-21.21253219,24573.94,194.4,15920.5534,1884.13,0.16190141,0.22072645,#AA20B2,WILDCAT,Dry,1
211,Y6000,10,South,Makgadikgadi,Makgadikgadi.South.B2,B2,1/30/2022,8/1/2022,Trail,24.11361563,-21.21253219,24573.94,194.4,15920.5534,1884.13,0.16190141,0.22072645,#AA20B2,BLACK-BACKED JACKAL,Wet,7
212,Y6000,10,South,Makgadikgadi,Makgadikgadi.South.B2,B2,1/30/2022,8/1/2022,Trail,24.11361563,-21.21253219,24573.94,194.4,15920.5534,1884.13,0.16190141,0.22072645,#AA20B2,AARDWOLF,Dry,1
213,Y6000,10,South,Makgadikgadi,Makgadikgadi.South.B2,B2,1/30/2022,8/1/2022,Trail,24.11361563,-21.21253219,24573.94,194.4,15920.5534,1884.13,0.16190141,0.22072645,#AA20B2,BLACK-BACKED JACKAL,Dry,9
214,Y6000,10,South,Makgadikgadi,Makgadikgadi.South.B2,B2,1/30/2022,8/1/2022,Trail,24.11361563,-21.21253219,24573.94,194.4,15920.5534,1884.13,0.16190141,0.22072645,#AA20B2,CARACAL,Dry,2
215,Y6200,32,South,Makgadikgadi,Makgadikgadi.South.D8,D8,2/3/2022,8/1/2022,Trail,24.39304375,-21.08495758,20157.35,451.93,20279.1569,2578.81,0.14980215,0.23960397,#AA20B2,WILDCAT,Wet,1
216,Y6300,26,South,Makgadikgadi,Makgadikgadi.South.D2,D2,2/1/2022,8/1/2022,On road,24.1868069,-21.27092028,14757.45,0.07,25850.8703,2547.73,0.13074204,0.22467357,#20B2AA,WILDCAT,Dry,4
217,Y6300,26,South,Makgadikgadi,Makgadikgadi.South.D2,D2,2/1/2022,8/1/2022,On road,24.1868069,-21.27092028,14757.45,0.07,25850.8703,2547.73,0.13074204,0.22467357,#20B2AA,BLACK-BACKED JACKAL,Dry,19
218,Y6300,26,South,Makgadikgadi,Makgadikgadi.South.D2,D2,2/1/2022,8/1/2022,On road,24.1868069,-21.27092028,14757.45,0.07,25850.8703,2547.73,0.13074204,0.22467357,#20B2AA,WILDCAT,Wet,1
219,Y6300,26,South,Makgadikgadi,Makgadikgadi.South.D2,D2,2/1/2022,8/1/2022,On road,24.1868069,-21.27092028,14757.45,0.07,25850.8703,2547.73,0.13074204,0.22467357,#20B2AA,CARACAL,Dry,8
220,Y6300,26,South,Makgadikgadi,Makgadikgadi.South.D2,D2,2/1/2022,8/1/2022,On road,24.1868069,-21.27092028,14757.45,0.07,25850.8703,2547.73,0.13074204,0.22467357,#20B2AA,BLACK-BACKED JACKAL,Wet,3
221,Y6400,7,South,Makgadikgadi,Makgadikgadi.South.A7,A7,1/29/2022,8/1/2022,On road,24.260873,-21.01704286,10062.03,0.03,25145.4436,832.41,0.12873597,0.20040268,#20B2AA,WILDCAT,Dry,4
222,Y6400,7,South,Makgadikgadi,Makgadikgadi.South.A7,A7,1/29/2022,8/1/2022,On road,24.260873,-21.01704286,10062.03,0.03,25145.4436,832.41,0.12873597,0.20040268,#20B2AA,BLACK-BACKED JACKAL,Wet,13
223,Y6400,7,South,Makgadikgadi,Makgadikgadi.South.A7,A7,1/29/2022,8/1/2022,On road,24.260873,-21.01704286,10062.03,0.03,25145.4436,832.41,0.12873597,0.20040268,#20B2AA,BLACK-BACKED JACKAL,Dry,19
224,Y6500,35,South,Makgadikgadi,Makgadikgadi.South.E3,E3,2/2/2022,8/1/2022,Trail,24.26035519,-21.27894909,5463.52,0.15,21232.2922,1428.88,0.14453058,0.17334203,#AA20B2,WILDCAT,Dry,2
225,Y6500,35,South,Makgadikgadi,Makgadikgadi.South.E3,E3,2/2/2022,8/1/2022,Trail,24.26035519,-21.27894909,5463.52,0.15,21232.2922,1428.88,0.14453058,0.17334203,#AA20B2,BLACK-BACKED JACKAL,Dry,1
226,Y6500,35,South,Makgadikgadi,Makgadikgadi.South.E3,E3,2/2/2022,8/1/2022,Trail,24.26035519,-21.27894909,5463.52,0.15,21232.2922,1428.88,0.14453058,0.17334203,#AA20B2,CARACAL,Wet,8
227,Y6500,35,South,Makgadikgadi,Makgadikgadi.South.E3,E3,2/2/2022,8/1/2022,Trail,24.26035519,-21.27894909,5463.52,0.15,21232.2922,1428.88,0.14453058,0.17334203,#AA20B2,CARACAL,Dry,15
228,Y6600,28,South,Makgadikgadi,Makgadikgadi.South.D4,D4,1/31/2022,8/1/2022,Trail,24.24674437,-21.20491695,39959.13,822.34,841.9898,4526.16,0.18216422,0.24620216,#AA20B2,WILDCAT,Dry,2
229,Y6600,28,South,Makgadikgadi,Makgadikgadi.South.D4,D4,1/31/2022,8/1/2022,Trail,24.24674437,-21.20491695,39959.13,822.34,841.9898,4526.16,0.18216422,0.24620216,#AA20B2,CARACAL,Dry,1
230,Y6700,23,South,Makgadikgadi,Makgadikgadi.South.C7,C7,2/3/2022,8/1/2022,Unknown,24.3193344,-21.08778082,33709.03,0.05,6967.8652,1782.58,0.16188374,0.32419246,#B2AA20,BLACK-BACKED JACKAL,Wet,1
231,Y6700,23,South,Makgadikgadi,Makgadikgadi.South.C7,C7,2/3/2022,8/1/2022,Unknown,24.3193344,-21.08778082,33709.03,0.05,6967.8652,1782.58,0.16188374,0.32419246,#B2AA20,BLACK-BACKED JACKAL,Dry,1
232,Y6700,23,South,Makgadikgadi,Makgadikgadi.South.C7,C7,2/3/2022,8/1/2022,Unknown,24.3193344,-21.08778082,33709.03,0.05,6967.8652,1782.58,0.16188374,0.32419246,#B2AA20,AARDWOLF,Wet,1
233,Y6800,25,South,Makgadikgadi,Makgadikgadi.South.D1,D1,2/1/2022,8/1/2022,Unknown,24.14742353,-21.29853933,28948.83,557.41,11713.0197,2471.51,0.12071638,0.2636059,#B2AA20,BLACK-BACKED JACKAL,Wet,1
234,Y6800,25,South,Makgadikgadi,Makgadikgadi.South.D1,D1,2/1/2022,8/1/2022,Unknown,24.14742353,-21.29853933,28948.83,557.41,11713.0197,2471.51,0.12071638,0.2636059,#B2AA20,WILDCAT,Wet,2
235,Y6900,31,South,Makgadikgadi,Makgadikgadi.South.D7,D7,2/3/2022,8/1/2022,Trail,24.36015802,-21.12167288,24736.51,0.02,16090.1256,884.48,0.1826058,0.2272802,#AA20B2,NA,NA,NA
236,Y7000,40,South,Makgadikgadi,Makgadikgadi.South.E8,E8,2/2/2022,8/1/2022,Unknown,24.42331741,-21.11787856,19252.67,1323.23,21594.6313,3929.81,0.14980988,0.20735358,#B2AA20,NA,NA,NA
237,Y7100,21,South,Makgadikgadi,Makgadikgadi.South.C5,C5,2/4/2022,8/1/2022,Trail,24.26293462,-21.15277394,14734.04,835.38,26082.2116,1168.55,0.16888472,0.27380228,#AA20B2,BLACK-BACKED JACKAL,Dry,4
238,Y7100,21,South,Makgadikgadi,Makgadikgadi.South.C5,C5,2/4/2022,8/1/2022,Trail,24.26293462,-21.15277394,14734.04,835.38,26082.2116,1168.55,0.16888472,0.27380228,#AA20B2,CARACAL,Dry,2
239,Y7100,21,South,Makgadikgadi,Makgadikgadi.South.C5,C5,2/4/2022,8/1/2022,Trail,24.26293462,-21.15277394,14734.04,835.38,26082.2116,1168.55,0.16888472,0.27380228,#AA20B2,WILDCAT,Wet,1
240,Y7100,21,South,Makgadikgadi,Makgadikgadi.South.C5,C5,2/4/2022,8/1/2022,Trail,24.26293462,-21.15277394,14734.04,835.38,26082.2116,1168.55,0.16888472,0.27380228,#AA20B2,WILDCAT,Dry,16
241,Y7200,1,South,Makgadikgadi,Makgadikgadi.South.A1,A1,1/31/2022,8/1/2022,On road,24.04687503,-21.20677374,9976.27,0.03,28662.8331,2994.76,0.14456432,0.23837209,#20B2AA,BLACK-BACKED JACKAL,Dry,11
242,Y7200,1,South,Makgadikgadi,Makgadikgadi.South.A1,A1,1/31/2022,8/1/2022,On road,24.04687503,-21.20677374,9976.27,0.03,28662.8331,2994.76,0.14456432,0.23837209,#20B2AA,BLACK-BACKED JACKAL,Wet,2
243,Y7200,1,South,Makgadikgadi,Makgadikgadi.South.A1,A1,1/31/2022,8/1/2022,On road,24.04687503,-21.20677374,9976.27,0.03,28662.8331,2994.76,0.14456432,0.23837209,#20B2AA,CARACAL,Dry,2
244,Y7200,1,South,Makgadikgadi,Makgadikgadi.South.A1,A1,1/31/2022,8/1/2022,On road,24.04687503,-21.20677374,9976.27,0.03,28662.8331,2994.76,0.14456432,0.23837209,#20B2AA,WILDCAT,Dry,22
245,Y7200,1,South,Makgadikgadi,Makgadikgadi.South.A1,A1,1/31/2022,8/1/2022,On road,24.04687503,-21.20677374,9976.27,0.03,28662.8331,2994.76,0.14456432,0.23837209,#20B2AA,WILDCAT,Wet,8
246,Y7300,8,South,Makgadikgadi,Makgadikgadi.South.A8,A8,2/3/2022,8/1/2022,Trail,24.29641426,-20.97891722,4390.6,185.12,24191.6166,2797.02,0.13853905,0.2030013,#AA20B2,BLACK-BACKED JACKAL,Dry,2
247,Y7400,11,South,Makgadikgadi,Makgadikgadi.South.B3,B3,2/2/2022,8/1/2022,Unknown,24.1492239,-21.16894978,39344.27,2301.99,2330.1536,3792.91,0.12859885,0.24284953,#B2AA20,BLACK-BACKED JACKAL,Dry,2
248,Y7400,11,South,Makgadikgadi,Makgadikgadi.South.B3,B3,2/2/2022,8/1/2022,Unknown,24.1492239,-21.16894978,39344.27,2301.99,2330.1536,3792.91,0.12859885,0.24284953,#B2AA20,CARACAL,Wet,1
249,Y7400,11,South,Makgadikgadi,Makgadikgadi.South.B3,B3,2/2/2022,8/1/2022,Unknown,24.1492239,-21.16894978,39344.27,2301.99,2330.1536,3792.91,0.12859885,0.24284953,#B2AA20,WILDCAT,Wet,1
250,Y7400,11,South,Makgadikgadi,Makgadikgadi.South.B3,B3,2/2/2022,8/1/2022,Unknown,24.1492239,-21.16894978,39344.27,2301.99,2330.1536,3792.91,0.12859885,0.24284953,#B2AA20,CARACAL,Dry,2
251,Y7400,11,South,Makgadikgadi,Makgadikgadi.South.B3,B3,2/2/2022,8/1/2022,Unknown,24.1492239,-21.16894978,39344.27,2301.99,2330.1536,3792.91,0.12859885,0.24284953,#B2AA20,BLACK-BACKED JACKAL,Wet,4
252,Y7600,36,South,Makgadikgadi,Makgadikgadi.South.E4,E4,2/2/2022,8/1/2022,Unknown,24.2834837,-21.23946606,34421.21,0.06,7438.4606,1855.67,0.15045486,0.2618076,#B2AA20,CARACAL,Dry,4
253,Y7600,36,South,Makgadikgadi,Makgadikgadi.South.E4,E4,2/2/2022,8/1/2022,Unknown,24.2834837,-21.23946606,34421.21,0.06,7438.4606,1855.67,0.15045486,0.2618076,#B2AA20,CARACAL,Wet,1
254,Y7600,36,South,Makgadikgadi,Makgadikgadi.South.E4,E4,2/2/2022,8/1/2022,Unknown,24.2834837,-21.23946606,34421.21,0.06,7438.4606,1855.67,0.15045486,0.2618076,#B2AA20,BLACK-BACKED JACKAL,Dry,14
255,Y7600,36,South,Makgadikgadi,Makgadikgadi.South.E4,E4,2/2/2022,8/1/2022,Unknown,24.2834837,-21.23946606,34421.21,0.06,7438.4606,1855.67,0.15045486,0.2618076,#B2AA20,BLACK-BACKED JACKAL,Wet,3
256,Y7600,36,South,Makgadikgadi,Makgadikgadi.South.E4,E4,2/2/2022,8/1/2022,Unknown,24.2834837,-21.23946606,34421.21,0.06,7438.4606,1855.67,0.15045486,0.2618076,#B2AA20,WILDCAT,Dry,8
257,Y7700,29,South,Makgadikgadi,Makgadikgadi.South.D5,D5,2/2/2022,8/1/2022,Unknown,24.29185502,-21.18125327,29891.5,181.56,11786.5946,3300.37,0.15956704,0.2561301,#B2AA20,BLACK-BACKED JACKAL,Wet,22
258,Y7700,29,South,Makgadikgadi,Makgadikgadi.South.D5,D5,2/2/2022,8/1/2022,Unknown,24.29185502,-21.18125327,29891.5,181.56,11786.5946,3300.37,0.15956704,0.2561301,#B2AA20,CARACAL,Dry,1
259,Y7700,29,South,Makgadikgadi,Makgadikgadi.South.D5,D5,2/2/2022,8/1/2022,Unknown,24.29185502,-21.18125327,29891.5,181.56,11786.5946,3300.37,0.15956704,0.2561301,#B2AA20,WILDCAT,Dry,2
260,Y7700,29,South,Makgadikgadi,Makgadikgadi.South.D5,D5,2/2/2022,8/1/2022,Unknown,24.29185502,-21.18125327,29891.5,181.56,11786.5946,3300.37,0.15956704,0.2561301,#B2AA20,BLACK-BACKED JACKAL,Dry,5
261,Y7700,29,South,Makgadikgadi,Makgadikgadi.South.D5,D5,2/2/2022,8/1/2022,Unknown,24.29185502,-21.18125327,29891.5,181.56,11786.5946,3300.37,0.15956704,0.2561301,#B2AA20,CARACAL,Wet,2
262,Y7800,37,South,Makgadikgadi,Makgadikgadi.South.E5,E5,2/2/2022,8/1/2022,Unknown,24.32755652,-21.21711275,24847.58,1038.06,16796.3765,4138.43,0.17708698,0.24168883,#B2AA20,CARACAL,Dry,8
263,Y7800,37,South,Makgadikgadi,Makgadikgadi.South.E5,E5,2/2/2022,8/1/2022,Unknown,24.32755652,-21.21711275,24847.58,1038.06,16796.3765,4138.43,0.17708698,0.24168883,#B2AA20,BLACK-BACKED JACKAL,Dry,20
264,Y7800,37,South,Makgadikgadi,Makgadikgadi.South.E5,E5,2/2/2022,8/1/2022,Unknown,24.32755652,-21.21711275,24847.58,1038.06,16796.3765,4138.43,0.17708698,0.24168883,#B2AA20,BLACK-BACKED JACKAL,Wet,16
265,Y7800,37,South,Makgadikgadi,Makgadikgadi.South.E5,E5,2/2/2022,8/1/2022,Unknown,24.32755652,-21.21711275,24847.58,1038.06,16796.3765,4138.43,0.17708698,0.24168883,#B2AA20,CARACAL,Wet,6
266,Y7800,37,South,Makgadikgadi,Makgadikgadi.South.E5,E5,2/2/2022,8/1/2022,Unknown,24.32755652,-21.21711275,24847.58,1038.06,16796.3765,4138.43,0.17708698,0.24168883,#B2AA20,WILDCAT,Dry,4
267,Y7800,37,South,Makgadikgadi,Makgadikgadi.South.E5,E5,2/2/2022,8/1/2022,Unknown,24.32755652,-21.21711275,24847.58,1038.06,16796.3765,4138.43,0.17708698,0.24168883,#B2AA20,WILDCAT,Wet,1
268,Y7900,38,South,Makgadikgadi,Makgadikgadi.South.E6,E6,2/2/2022,8/1/2022,On road,24.35630087,-21.18444986,20101.91,3.02,22122.858,472.92,0.14741923,0.2213868,#20B2AA,WILDCAT,Wet,1
269,Y7900,38,South,Makgadikgadi,Makgadikgadi.South.E6,E6,2/2/2022,8/1/2022,On road,24.35630087,-21.18444986,20101.91,3.02,22122.858,472.92,0.14741923,0.2213868,#20B2AA,WILDCAT,Dry,2
270,Y7900,38,South,Makgadikgadi,Makgadikgadi.South.E6,E6,2/2/2022,8/1/2022,On road,24.35630087,-21.18444986,20101.91,3.02,22122.858,472.92,0.14741923,0.2213868,#20B2AA,BLACK-BACKED JACKAL,Dry,37
271,Y7900,38,South,Makgadikgadi,Makgadikgadi.South.E6,E6,2/2/2022,8/1/2022,On road,24.35630087,-21.18444986,20101.91,3.02,22122.858,472.92,0.14741923,0.2213868,#20B2AA,BLACK-BACKED JACKAL,Wet,9
272,Y7900,38,South,Makgadikgadi,Makgadikgadi.South.E6,E6,2/2/2022,8/1/2022,On road,24.35630087,-21.18444986,20101.91,3.02,22122.858,472.92,0.14741923,0.2213868,#20B2AA,CARACAL,Wet,4
273,Y7900,38,South,Makgadikgadi,Makgadikgadi.South.E6,E6,2/2/2022,8/1/2022,On road,24.35630087,-21.18444986,20101.91,3.02,22122.858,472.92,0.14741923,0.2213868,#20B2AA,CARACAL,Dry,6
274,Y8000,9,South,Makgadikgadi,Makgadikgadi.South.B1,B1,1/31/2022,8/1/2022,On road,24.07686895,-21.24243681,15046.02,105.34,27278.2534,894.4,0.12773225,0.21742684,#20B2AA,WILDCAT,Dry,1
275,Y8100,3,South,Makgadikgadi,Makgadikgadi.South.A3,A3,1/30/2022,8/1/2022,Unknown,24.1236029,-21.14915275,10653.64,189.64,31757.61,1075.04,0.09584145,0.22435582,#B2AA20,AARDWOLF,Dry,3
276,Y8100,3,South,Makgadikgadi,Makgadikgadi.South.A3,A3,1/30/2022,8/1/2022,Unknown,24.1236029,-21.14915275,10653.64,189.64,31757.61,1075.04,0.09584145,0.22435582,#B2AA20,BLACK-BACKED JACKAL,Wet,3
277,Y8100,3,South,Makgadikgadi,Makgadikgadi.South.A3,A3,1/30/2022,8/1/2022,Unknown,24.1236029,-21.14915275,10653.64,189.64,31757.61,1075.04,0.09584145,0.22435582,#B2AA20,BLACK-BACKED JACKAL,Dry,14
278,Y8100,3,South,Makgadikgadi,Makgadikgadi.South.A3,A3,1/30/2022,8/1/2022,Unknown,24.1236029,-21.14915275,10653.64,189.64,31757.61,1075.04,0.09584145,0.22435582,#B2AA20,WILDCAT,Dry,6
279,Y8200,12,South,Makgadikgadi,Makgadikgadi.South.B4,B4,1/30/2022,8/1/2022,Unknown,24.1830716,-21.13794865,5850.78,35.54,27923.6965,1950.43,0.08308896,0.080890976,#B2AA20,WILDCAT,Dry,5
280,Y8200,12,South,Makgadikgadi,Makgadikgadi.South.B4,B4,1/30/2022,8/1/2022,Unknown,24.1830716,-21.13794865,5850.78,35.54,27923.6965,1950.43,0.08308896,0.080890976,#B2AA20,BLACK-BACKED JACKAL,Wet,1
281,Y8200,12,South,Makgadikgadi,Makgadikgadi.South.B4,B4,1/30/2022,8/1/2022,Unknown,24.1830716,-21.13794865,5850.78,35.54,27923.6965,1950.43,0.08308896,0.080890976,#B2AA20,BLACK-BACKED JACKAL,Dry,7
282,Y8200,12,South,Makgadikgadi,Makgadikgadi.South.B4,B4,1/30/2022,8/1/2022,Unknown,24.1830716,-21.13794865,5850.78,35.54,27923.6965,1950.43,0.08308896,0.080890976,#B2AA20,WILDCAT,Wet,2
283,Y8300,20,South,Makgadikgadi,Makgadikgadi.South.C4,C4,1/31/2022,8/1/2022,On road,24.22303653,-21.18570612,39771.23,0.48,3229.6945,4084.85,0.120014705,0.2658716,#20B2AA,CARACAL,Dry,4
284,Y8300,20,South,Makgadikgadi,Makgadikgadi.South.C4,C4,1/31/2022,8/1/2022,On road,24.22303653,-21.18570612,39771.23,0.48,3229.6945,4084.85,0.120014705,0.2658716,#20B2AA,CARACAL,Wet,1
285,Y8300,20,South,Makgadikgadi,Makgadikgadi.South.C4,C4,1/31/2022,8/1/2022,On road,24.22303653,-21.18570612,39771.23,0.48,3229.6945,4084.85,0.120014705,0.2658716,#20B2AA,WILDCAT,Dry,3
286,Y8300,20,South,Makgadikgadi,Makgadikgadi.South.C4,C4,1/31/2022,8/1/2022,On road,24.22303653,-21.18570612,39771.23,0.48,3229.6945,4084.85,0.120014705,0.2658716,#20B2AA,BLACK-BACKED JACKAL,Dry,4
287,Y8300,20,South,Makgadikgadi,Makgadikgadi.South.C4,C4,1/31/2022,8/1/2022,On road,24.22303653,-21.18570612,39771.23,0.48,3229.6945,4084.85,0.120014705,0.2658716,#20B2AA,BLACK-BACKED JACKAL,Wet,1
288,Y8300,20,South,Makgadikgadi,Makgadikgadi.South.C4,C4,1/31/2022,8/1/2022,On road,24.22303653,-21.18570612,39771.23,0.48,3229.6945,4084.85,0.120014705,0.2658716,#20B2AA,WILDCAT,Wet,1
289,Y8400,30,South,Makgadikgadi,Makgadikgadi.South.D6,D6,2/3/2022,8/1/2022,Unknown,24.32667711,-21.14719393,36039.56,290.1,6937.1278,2822.28,0.1476034,0.26941115,#B2AA20,BLACK-BACKED JACKAL,Wet,3
290,Y8400,30,South,Makgadikgadi,Makgadikgadi.South.D6,D6,2/3/2022,8/1/2022,Unknown,24.32667711,-21.14719393,36039.56,290.1,6937.1278,2822.28,0.1476034,0.26941115,#B2AA20,BLACK-BACKED JACKAL,Dry,6
291,Y8400,30,South,Makgadikgadi,Makgadikgadi.South.D6,D6,2/3/2022,8/1/2022,Unknown,24.32667711,-21.14719393,36039.56,290.1,6937.1278,2822.28,0.1476034,0.26941115,#B2AA20,WILDCAT,Wet,1
292,Y8500,39,South,Makgadikgadi,Makgadikgadi.South.E7,E7,2/2/2022,8/1/2022,Unknown,24.39197884,-21.14861053,30105.58,548.12,13035.3598,4335.19,0.13873807,0.22457428,#B2AA20,BLACK-BACKED JACKAL,Wet,2
293,Y8500,39,South,Makgadikgadi,Makgadikgadi.South.E7,E7,2/2/2022,8/1/2022,Unknown,24.39197884,-21.14861053,30105.58,548.12,13035.3598,4335.19,0.13873807,0.22457428,#B2AA20,BLACK-BACKED JACKAL,Dry,4
294,Y8600,13,South,Makgadikgadi,Makgadikgadi.South.B5,B5,1/30/2022,8/1/2022,Trail,24.22212174,-21.12127928,25236.71,0.65,17573.7886,5805.24,0.14892845,0.18951337,#AA20B2,CARACAL,Dry,1
295,Y8600,13,South,Makgadikgadi,Makgadikgadi.South.B5,B5,1/30/2022,8/1/2022,Trail,24.22212174,-21.12127928,25236.71,0.65,17573.7886,5805.24,0.14892845,0.18951337,#AA20B2,BLACK-BACKED JACKAL,Dry,8
296,Y8600,13,South,Makgadikgadi,Makgadikgadi.South.B5,B5,1/30/2022,8/1/2022,Trail,24.22212174,-21.12127928,25236.71,0.65,17573.7886,5805.24,0.14892845,0.18951337,#AA20B2,WILDCAT,Wet,6
297,Y8600,13,South,Makgadikgadi,Makgadikgadi.South.B5,B5,1/30/2022,8/1/2022,Trail,24.22212174,-21.12127928,25236.71,0.65,17573.7886,5805.24,0.14892845,0.18951337,#AA20B2,WILDCAT,Dry,8
298,Y8700,18,South,Makgadikgadi,Makgadikgadi.South.C2,C2,1/30/2022,8/1/2022,On road,24.15110367,-21.23299288,20380.95,4.93,22725.2099,861.62,0.1268877,0.21550687,#20B2AA,BLACK-BACKED JACKAL,Wet,1
299,Y8800,34,South,Makgadikgadi,Makgadikgadi.South.E2,E2,2/1/2022,8/1/2022,Trail,24.21219858,-21.31050357,15690.18,5.55,27281.5598,3844.63,0.14723927,0.26879987,#AA20B2,CARACAL,Dry,2
300,Y8800,34,South,Makgadikgadi,Makgadikgadi.South.E2,E2,2/1/2022,8/1/2022,Trail,24.21219858,-21.31050357,15690.18,5.55,27281.5598,3844.63,0.14723927,0.26879987,#AA20B2,WILDCAT,Dry,2
301,Y8800,34,South,Makgadikgadi,Makgadikgadi.South.E2,E2,2/1/2022,8/1/2022,Trail,24.21219858,-21.31050357,15690.18,5.55,27281.5598,3844.63,0.14723927,0.26879987,#AA20B2,BLACK-BACKED JACKAL,Wet,9
302,Y8800,34,South,Makgadikgadi,Makgadikgadi.South.E2,E2,2/1/2022,8/1/2022,Trail,24.21219858,-21.31050357,15690.18,5.55,27281.5598,3844.63,0.14723927,0.26879987,#AA20B2,BLACK-BACKED JACKAL,Dry,2
303,Y8900,16,South,Makgadikgadi,Makgadikgadi.South.B8,B8,2/3/2022,8/1/2022,Unknown,24.32765528,-21.02103087,10278.82,30.73,32626.963,4036.07,0.11490183,0.1833102,#B2AA20,BLACK-BACKED JACKAL,Wet,4
304,Y8900,16,South,Makgadikgadi,Makgadikgadi.South.B8,B8,2/3/2022,8/1/2022,Unknown,24.32765528,-21.02103087,10278.82,30.73,32626.963,4036.07,0.11490183,0.1833102,#B2AA20,BLACK-BACKED JACKAL,Dry,3
305,Y8900,16,South,Makgadikgadi,Makgadikgadi.South.B8,B8,2/3/2022,8/1/2022,Unknown,24.32765528,-21.02103087,10278.82,30.73,32626.963,4036.07,0.11490183,0.1833102,#B2AA20,CARACAL,Dry,2
306,Y9000,4,South,Makgadikgadi,Makgadikgadi.South.A4,A4,1/30/2022,8/1/2022,Trail,24.1514946,-21.10457909,5630.21,33.07,31557.6445,6526.53,0.11694969,0.1839772,#AA20B2,BLACK-BACKED JACKAL,Wet,7
307,Y9000,4,South,Makgadikgadi,Makgadikgadi.South.A4,A4,1/30/2022,8/1/2022,Trail,24.1514946,-21.10457909,5630.21,33.07,31557.6445,6526.53,0.11694969,0.1839772,#AA20B2,AARDWOLF,Wet,2
308,Y9000,4,South,Makgadikgadi,Makgadikgadi.South.A4,A4,1/30/2022,8/1/2022,Trail,24.1514946,-21.10457909,5630.21,33.07,31557.6445,6526.53,0.11694969,0.1839772,#AA20B2,CARACAL,Wet,1
309,Y9000,4,South,Makgadikgadi,Makgadikgadi.South.A4,A4,1/30/2022,8/1/2022,Trail,24.1514946,-21.10457909,5630.21,33.07,31557.6445,6526.53,0.11694969,0.1839772,#AA20B2,AARDWOLF,Dry,5
310,Y9000,4,South,Makgadikgadi,Makgadikgadi.South.A4,A4,1/30/2022,8/1/2022,Trail,24.1514946,-21.10457909,5630.21,33.07,31557.6445,6526.53,0.11694969,0.1839772,#AA20B2,BLACK-BACKED JACKAL,Dry,4
